{
  "version": 2,
  "builds": [
    {
      "src": "package.json",
      "use": "@vercel/static-build",
      "config": {
        "distDir": "dist",
        "installCommand": "npm install",
        "buildCommand": "npm run build"
      }
    }
  ],
  "routes": [
    {
      "src": "/api/(.*)",
      "dest": "https://your-backend-app.vercel.app/api/$1",
      "headers": {
        "Access-Control-Allow-Origin": "*",
        "Access-Control-Allow-Methods": "GET,POST,PUT,DELETE,OPTIONS",
        "Access-Control-Allow-Headers": "Content-Type, Authorization"
      }
    },
    {
      "src": "/(.*)",
      "dest": "/index.html"
    }
  ],
  "env": {
    "VITE_API_URL": "https://your-backend-app.vercel.app/api"
  }
}
